"","ICC","AA"
"1",0.0130028568353938,0
"2",0.0277797186443357,0.25
"3",0.203517082143227,0.5
"4",0.540936337797827,0.75
"5",0,0.9
